{"cameraMode":{"drawMode":0,"name":"Shaded","section":"Shading Mode"},"sceneLighting":false,"audioPlay":false,"sceneViewState":{"m_AlwaysRefresh":false,"showFog":true,"showSkybox":false,"showFlares":true,"showImageEffects":true,"showParticleSystems":true,"showVisualEffectGraphs":true,"m_FxEnabled":true},"in2DMode":false,"pivot":{"x":5.989999771118164,"y":5.71999979019165,"z":15.279999732971192},"rotation":{"x":-0.038490019738674167,"y":-0.005801575258374214,"z":0.0002236732980236411,"w":-0.9992465972900391},"size":1.493894100189209,"orthographic":true}