{"cameraMode":{"drawMode":0,"name":"Shaded","section":"Shading Mode"},"sceneLighting":false,"audioPlay":false,"sceneViewState":{"m_AlwaysRefresh":false,"showFog":true,"showSkybox":false,"showFlares":true,"showImageEffects":true,"showParticleSystems":true,"showVisualEffectGraphs":true,"m_FxEnabled":true},"in2DMode":false,"pivot":{"x":14.699999809265137,"y":4.575002670288086,"z":15.525330543518067},"rotation":{"x":-0.10318857431411743,"y":-0.1454819142818451,"z":0.015258671715855599,"w":-0.9838530421257019},"size":1.8432477712631226,"orthographic":false}