{"cameraMode":{"drawMode":0,"name":"Shaded","section":"Shading Mode"},"sceneLighting":false,"audioPlay":false,"sceneViewState":{"m_AlwaysRefresh":false,"showFog":true,"showSkybox":false,"showFlares":true,"showImageEffects":true,"showParticleSystems":true,"showVisualEffectGraphs":true,"m_FxEnabled":true},"in2DMode":false,"pivot":{"x":-9.6899995803833,"y":1.3255791664123536,"z":-0.13285517692565919},"rotation":{"x":-0.038490019738674167,"y":-0.005801575258374214,"z":0.0002236732980236411,"w":-0.9992465972900391},"size":11.176833152770996,"orthographic":true}