{"cameraMode":{"drawMode":0,"name":"Shaded","section":"Shading Mode"},"sceneLighting":false,"audioPlay":false,"sceneViewState":{"m_AlwaysRefresh":false,"showFog":true,"showSkybox":false,"showFlares":true,"showImageEffects":true,"showParticleSystems":true,"showVisualEffectGraphs":true,"m_FxEnabled":true},"in2DMode":false,"pivot":{"x":-12.520000457763672,"y":6.199999809265137,"z":-0.05615687370300293},"rotation":{"x":-0.10318857431411743,"y":-0.1454819142818451,"z":0.015258671715855599,"w":-0.9838530421257019},"size":11.176833152770996,"orthographic":false}