{"cameraMode":{"drawMode":0,"name":"Shaded","section":"Shading Mode"},"sceneLighting":true,"audioPlay":false,"sceneViewState":{"m_AlwaysRefresh":false,"showFog":true,"showSkybox":true,"showFlares":true,"showImageEffects":true,"showParticleSystems":true,"showVisualEffectGraphs":true,"m_FxEnabled":true},"in2DMode":false,"pivot":{"x":225.52000427246095,"y":8.374420166015625,"z":-2.8638339042663576},"rotation":{"x":-0.1865653246641159,"y":-0.19437099993228913,"z":0.037683770060539249,"w":-0.9622930288314819},"size":3.2015621662139894,"orthographic":false}